<?xml version="1.0"?>
<openerp>
	<data noupdate="1">

		<!--dual currency sale order -->
		<record id="cadcam_sale_order_dual_currency_report" model="ir.actions.report.xml">
			<field name="name">Dual currency sale order</field>
			<field name="type">ir.actions.report.xml</field>
			<field name="model">sale.order</field>
			<field name="report_name">sale_order_dual_currency_report</field>
			<field name="report_type">aeroo</field>
			<field name="in_format">oo-odt</field>
			<field name="parser_loc"></field>
			<field name="report_rml">ccg_sales/reports/sale_order_dual_currency_report.odt</field>
			<field name="parser_state">default</field>
			<field name="tml_source">file</field>
			<field name="styles_mode">global</field>
		</record>

		<!--add button sale_order_dualy_currency_report -->
		<record model="ir.values" id="btn_print_sale_order_dual_currency_report">
			<field eval="'action'" name="key" />
			<field eval="'client_print_multi'" name="key2" />
			<field name="model">sale.order</field>
			<field name="name">Dual currency sale order</field>
			<field name="value"
				eval="'ir.actions.report.xml,'+str(cadcam_sale_order_dual_currency_report)" />
			<field name="isobject" eval="True" />
			<field name="replace" eval="False" />
		</record>

		<!--dual currency sale order without vat-->
		<record id="cadcam_sale_order_dual_currency_report_no_vat" model="ir.actions.report.xml">
			<field name="name">Dual currency sale order without VAT</field>
			<field name="type">ir.actions.report.xml</field>
			<field name="model">sale.order</field>
			<field name="report_name">sale_order_dual_currency_report_no_vat</field>
			<field name="report_type">aeroo</field>
			<field name="in_format">oo-odt</field>
			<field name="parser_loc"></field>
			<field name="report_rml">ccg_sales/reports/sale_order_dual_currency_report_no_vat.odt</field>
			<field name="parser_state">default</field>
			<field name="tml_source">file</field>
			<field name="styles_mode">global</field>
		</record>

		<!--add button sale_order_dualy_currency_report_no_vat -->
		<record model="ir.values" id="btn_print_sale_order_dual_currency_report_no_vat">
			<field eval="'action'" name="key" />
			<field eval="'client_print_multi'" name="key2" />
			<field name="model">sale.order</field>
			<field name="name">Dual currency sale order without VAT</field>
			<field name="value"
				eval="'ir.actions.report.xml,'+str(cadcam_sale_order_dual_currency_report_no_vat)" />
			<field name="isobject" eval="True" />
			<field name="replace" eval="False" />
		</record>


		<!--sale_order_document_currency_report -->
		<record id="cadcam_sale_order_document_currency_report" model="ir.actions.report.xml">
			<field name="name">Document currency sale order</field>
			<field name="type">ir.actions.report.xml</field>
			<field name="model">sale.order</field>
			<field name="report_name">sale_order_document_currency_report</field>
			<field name="report_type">aeroo</field>
			<field name="in_format">oo-odt</field>
			<field name="parser_loc"></field>
			<field name="report_rml">ccg_sales/reports/sale_order_document_currency_report.odt</field>
			<field name="parser_state">default</field>
			<field name="tml_source">file</field>
			<field name="styles_mode">global</field>
		</record>

		<!--add button sale_order_document_currency_report -->
		<record model="ir.values" id="btn_print_sale_order_document_currency_report">
			<field eval="'action'" name="key" />
			<field eval="'client_print_multi'" name="key2" />
			<field name="model">sale.order</field>
			<field name="name">Document currency sale order</field>
			<field name="value"
				eval="'ir.actions.report.xml,'+str(cadcam_sale_order_document_currency_report)" />
			<field name="isobject" eval="True" />
			<field name="replace" eval="False" />
		</record>
		
		<!--sale_order_document_currency_report -->
		<record id="cadcam_sale_order_document_currency_report_no_vat" model="ir.actions.report.xml">
			<field name="name">Document currency sale order without VAT</field>
			<field name="type">ir.actions.report.xml</field>
			<field name="model">sale.order</field>
			<field name="report_name">sale_order_document_currency_report_no_vat</field>
			<field name="report_type">aeroo</field>
			<field name="in_format">oo-odt</field>
			<field name="parser_loc"></field>
			<field name="report_rml">ccg_sales/reports/sale_order_document_currency_report_no_vat.odt</field>
			<field name="parser_state">default</field>
			<field name="tml_source">file</field>
			<field name="styles_mode">global</field>
		</record>

		<!--add button sale_order_document_currency_report without VAT -->
		<record model="ir.values" id="btn_print_sale_order_document_currency_report_no_vat">
			<field eval="'action'" name="key" />
			<field eval="'client_print_multi'" name="key2" />
			<field name="model">sale.order</field>
			<field name="name">Document currency sale order without VAT</field>
			<field name="value"
				eval="'ir.actions.report.xml,'+str(cadcam_sale_order_document_currency_report_no_vat)" />
			<field name="isobject" eval="True" />
			<field name="replace" eval="False" />
		</record>

	</data>
</openerp>
